insert into APP.NATIONALITYENTITY (ID, NAME, DESCRIPTION) values (1, 'Philippines', 'Philippines Citizen')
insert into APP.NATIONALITYENTITY (ID, NAME, DESCRIPTION) values (2, 'Argentina', 'Argentina Citizen')
insert into APP.NATIONALITYENTITY (ID, NAME, DESCRIPTION) values (3, 'Saudi Arabia', 'Saudi Arabia Citizen')
insert into APP.NATIONALITYENTITY (ID, NAME, DESCRIPTION) values (4, 'Bangladesh', 'Bangladesh Citizen')
insert into APP.NATIONALITYENTITY (ID, NAME, DESCRIPTION) values (5, 'Philippines', 'Philippines Citizen')
insert into APP.NATIONALITYENTITY (ID, NAME, DESCRIPTION) values (6, 'Indonesia', 'Indonesia Citizen')
insert into APP.NATIONALITYENTITY (ID, NAME, DESCRIPTION) values (7, 'Indonesia', 'Indonesia Citizen')
insert into APP.NATIONALITYENTITY (ID, NAME, DESCRIPTION) values (8, 'China', 'China Citizen')
insert into APP.NATIONALITYENTITY (ID, NAME, DESCRIPTION) values (9, 'Haiti', 'Haiti Citizen')
insert into APP.NATIONALITYENTITY (ID, NAME, DESCRIPTION) values (10, 'Austria', 'Austria Citizen')
insert into APP.NATIONALITYENTITY (ID, NAME, DESCRIPTION) values (11, 'Indonesia', 'Indonesia Citizen')
insert into APP.NATIONALITYENTITY (ID, NAME, DESCRIPTION) values (12, 'Czech Republic', 'Czech Republic Citizen')
insert into APP.NATIONALITYENTITY (ID, NAME, DESCRIPTION) values (13, 'Philippines', 'Philippines Citizen')
insert into APP.NATIONALITYENTITY (ID, NAME, DESCRIPTION) values (14, 'Comoros', 'Comoros Citizen')
insert into APP.NATIONALITYENTITY (ID, NAME, DESCRIPTION) values (15, 'Russia', 'Russia Citizen')

insert into APP.PRODUCTENTITY (ID, NAME, PRICE) values (1, 'Bitchip', 90.07)
insert into APP.PRODUCTENTITY (ID, NAME, PRICE) values (2, 'Voltsillam', 37.89)
insert into APP.PRODUCTENTITY (ID, NAME, PRICE) values (3, 'Asoka', 39.71)
insert into APP.PRODUCTENTITY (ID, NAME, PRICE) values (4, 'Gembucket', 81.85)
insert into APP.PRODUCTENTITY (ID, NAME, PRICE) values (5, 'Toughjoyfax', 48.54)
insert into APP.PRODUCTENTITY (ID, NAME, PRICE) values (6, 'Bamity', 11.95)
insert into APP.PRODUCTENTITY (ID, NAME, PRICE) values (7, 'Fix San', 87.5)
insert into APP.PRODUCTENTITY (ID, NAME, PRICE) values (8, 'Andalax', 65.54)
insert into APP.PRODUCTENTITY (ID, NAME, PRICE) values (9, 'Cardguard', 71.55)
insert into APP.PRODUCTENTITY (ID, NAME, PRICE) values (10, 'Aerified', 6.26)
insert into APP.PRODUCTENTITY (ID, NAME, PRICE) values (11, 'Ventosanzap', 94.99)
insert into APP.PRODUCTENTITY (ID, NAME, PRICE) values (12, 'Bitchip', 37.67)
insert into APP.PRODUCTENTITY (ID, NAME, PRICE) values (13, 'Tres-Zap', 94.52)
insert into APP.PRODUCTENTITY (ID, NAME, PRICE) values (14, 'Namfix', 84.11)
insert into APP.PRODUCTENTITY (ID, NAME, PRICE) values (15, 'Regrant', 79.91)
insert into APP.PRODUCTENTITY (ID, NAME, PRICE) values (16, 'Lotlux', 90.44)
insert into APP.PRODUCTENTITY (ID, NAME, PRICE) values (17, 'Aerified', 91.37)
insert into APP.PRODUCTENTITY (ID, NAME, PRICE) values (18, 'Bamity', 75.49)
insert into APP.PRODUCTENTITY (ID, NAME, PRICE) values (19, 'Zontrax', 48.78)
insert into APP.PRODUCTENTITY (ID, NAME, PRICE) values (20, 'Tampflex', 50.17)

insert into APP.ARTISTENTITY (ID, NAME, SCORE, NATIONALITY_ID) values (1, 'Joe Payne', 2, 1)
insert into APP.ARTISTENTITY (ID, NAME, SCORE, NATIONALITY_ID) values (2, 'Lillian Russell', 4, 5)
insert into APP.ARTISTENTITY (ID, NAME, SCORE, NATIONALITY_ID) values (3, 'Samuel Harper', 1, 8)
insert into APP.ARTISTENTITY (ID, NAME, SCORE, NATIONALITY_ID) values (4, 'Margaret Coleman', 4, 1)
insert into APP.ARTISTENTITY (ID, NAME, SCORE, NATIONALITY_ID) values (5, 'Patricia Hughes', 5, 6)
insert into APP.ARTISTENTITY (ID, NAME, SCORE, NATIONALITY_ID) values (6, 'Louis Roberts', 4, 1)
insert into APP.ARTISTENTITY (ID, NAME, SCORE, NATIONALITY_ID) values (7, 'Jose Hill', 3, 13)
insert into APP.ARTISTENTITY (ID, NAME, SCORE, NATIONALITY_ID) values (8, 'Virginia Carter', 2, 4)
insert into APP.ARTISTENTITY (ID, NAME, SCORE, NATIONALITY_ID) values (9, 'Sharon Sims', 1, 9)
insert into APP.ARTISTENTITY (ID, NAME, SCORE, NATIONALITY_ID) values (10, 'Teresa Hawkins', 5, 4)
insert into APP.ARTISTENTITY (ID, NAME, SCORE, NATIONALITY_ID) values (11, 'Daniel Franklin', 3, 6)
insert into APP.ARTISTENTITY (ID, NAME, SCORE, NATIONALITY_ID) values (12, 'Gary Hansen', 4, 6)
insert into APP.ARTISTENTITY (ID, NAME, SCORE, NATIONALITY_ID) values (13, 'Joyce Ortiz', 2, 3)
insert into APP.ARTISTENTITY (ID, NAME, SCORE, NATIONALITY_ID) values (14, 'Emily Crawford', 5, 4)
insert into APP.ARTISTENTITY (ID, NAME, SCORE, NATIONALITY_ID) values (15, 'Heather Moore', 3, 11)
insert into APP.ARTISTENTITY (ID, NAME, SCORE, NATIONALITY_ID) values (16, 'Tina Carroll', 1, 6)
insert into APP.ARTISTENTITY (ID, NAME, SCORE, NATIONALITY_ID) values (17, 'Judith Harrison', 3, 13)
insert into APP.ARTISTENTITY (ID, NAME, SCORE, NATIONALITY_ID) values (18, 'Victor Adams', 1, 13)
insert into APP.ARTISTENTITY (ID, NAME, SCORE, NATIONALITY_ID) values (19, 'Louise Jenkins', 4, 12)
insert into APP.ARTISTENTITY (ID, NAME, SCORE, NATIONALITY_ID) values (20, 'Marilyn Lawson', 3, 4)

insert into APP.ARTISTLIKEENTITY (ID, NAME, ARTIST_ID) values (1, '', 6)
insert into APP.ARTISTLIKEENTITY (ID, NAME, ARTIST_ID) values (2, '', 10)
insert into APP.ARTISTLIKEENTITY (ID, NAME, ARTIST_ID) values (3, '', 9)
insert into APP.ARTISTLIKEENTITY (ID, NAME, ARTIST_ID) values (4, '', 9)
insert into APP.ARTISTLIKEENTITY (ID, NAME, ARTIST_ID) values (5, '', 20)
insert into APP.ARTISTLIKEENTITY (ID, NAME, ARTIST_ID) values (6, '', 1)
insert into APP.ARTISTLIKEENTITY (ID, NAME, ARTIST_ID) values (7, '', 14)
insert into APP.ARTISTLIKEENTITY (ID, NAME, ARTIST_ID) values (8, '', 10)
insert into APP.ARTISTLIKEENTITY (ID, NAME, ARTIST_ID) values (9, '', 2)
insert into APP.ARTISTLIKEENTITY (ID, NAME, ARTIST_ID) values (10, '', 20)
insert into APP.ARTISTLIKEENTITY (ID, NAME, ARTIST_ID) values (11, '', 19)
insert into APP.ARTISTLIKEENTITY (ID, NAME, ARTIST_ID) values (12, '', 3)
insert into APP.ARTISTLIKEENTITY (ID, NAME, ARTIST_ID) values (13, '', 16)
insert into APP.ARTISTLIKEENTITY (ID, NAME, ARTIST_ID) values (14, '', 5)
insert into APP.ARTISTLIKEENTITY (ID, NAME, ARTIST_ID) values (15, '', 5)
insert into APP.ARTISTLIKEENTITY (ID, NAME, ARTIST_ID) values (16, '', 5)
insert into APP.ARTISTLIKEENTITY (ID, NAME, ARTIST_ID) values (17, '', 19)
insert into APP.ARTISTLIKEENTITY (ID, NAME, ARTIST_ID) values (18, '', 13)
insert into APP.ARTISTLIKEENTITY (ID, NAME, ARTIST_ID) values (19, '', 20)
insert into APP.ARTISTLIKEENTITY (ID, NAME, ARTIST_ID) values (20, '', 16)
insert into APP.ARTISTLIKEENTITY (ID, NAME, ARTIST_ID) values (21, '', 13)
insert into APP.ARTISTLIKEENTITY (ID, NAME, ARTIST_ID) values (22, '', 5)
insert into APP.ARTISTLIKEENTITY (ID, NAME, ARTIST_ID) values (23, '', 5)
insert into APP.ARTISTLIKEENTITY (ID, NAME, ARTIST_ID) values (24, '', 11)
insert into APP.ARTISTLIKEENTITY (ID, NAME, ARTIST_ID) values (25, '', 16)
insert into APP.ARTISTLIKEENTITY (ID, NAME, ARTIST_ID) values (26, '', 9)
insert into APP.ARTISTLIKEENTITY (ID, NAME, ARTIST_ID) values (27, '', 15)
insert into APP.ARTISTLIKEENTITY (ID, NAME, ARTIST_ID) values (28, '', 6)
insert into APP.ARTISTLIKEENTITY (ID, NAME, ARTIST_ID) values (29, '', 15)
insert into APP.ARTISTLIKEENTITY (ID, NAME, ARTIST_ID) values (30, '', 14)
insert into APP.ARTISTLIKEENTITY (ID, NAME, ARTIST_ID) values (31, '', 17)
insert into APP.ARTISTLIKEENTITY (ID, NAME, ARTIST_ID) values (32, '', 15)
insert into APP.ARTISTLIKEENTITY (ID, NAME, ARTIST_ID) values (33, '', 19)
insert into APP.ARTISTLIKEENTITY (ID, NAME, ARTIST_ID) values (34, '', 10)
insert into APP.ARTISTLIKEENTITY (ID, NAME, ARTIST_ID) values (35, '', 6)
insert into APP.ARTISTLIKEENTITY (ID, NAME, ARTIST_ID) values (36, '', 5)
insert into APP.ARTISTLIKEENTITY (ID, NAME, ARTIST_ID) values (37, '', 9)
insert into APP.ARTISTLIKEENTITY (ID, NAME, ARTIST_ID) values (38, '', 14)
insert into APP.ARTISTLIKEENTITY (ID, NAME, ARTIST_ID) values (39, '', 14)
insert into APP.ARTISTLIKEENTITY (ID, NAME, ARTIST_ID) values (40, '', 2)
insert into APP.ARTISTLIKEENTITY (ID, NAME, ARTIST_ID) values (41, '', 10)
insert into APP.ARTISTLIKEENTITY (ID, NAME, ARTIST_ID) values (42, '', 19)
insert into APP.ARTISTLIKEENTITY (ID, NAME, ARTIST_ID) values (43, '', 3)
insert into APP.ARTISTLIKEENTITY (ID, NAME, ARTIST_ID) values (44, '', 9)
insert into APP.ARTISTLIKEENTITY (ID, NAME, ARTIST_ID) values (45, '', 18)
insert into APP.ARTISTLIKEENTITY (ID, NAME, ARTIST_ID) values (46, '', 17)
insert into APP.ARTISTLIKEENTITY (ID, NAME, ARTIST_ID) values (47, '', 4)
insert into APP.ARTISTLIKEENTITY (ID, NAME, ARTIST_ID) values (48, '', 7)
insert into APP.ARTISTLIKEENTITY (ID, NAME, ARTIST_ID) values (49, '', 19)
insert into APP.ARTISTLIKEENTITY (ID, NAME, ARTIST_ID) values (50, '', 11)
insert into APP.ARTISTLIKEENTITY (ID, NAME, ARTIST_ID) values (51, '', 7)
insert into APP.ARTISTLIKEENTITY (ID, NAME, ARTIST_ID) values (52, '', 6)
insert into APP.ARTISTLIKEENTITY (ID, NAME, ARTIST_ID) values (53, '', 19)
insert into APP.ARTISTLIKEENTITY (ID, NAME, ARTIST_ID) values (54, '', 19)
insert into APP.ARTISTLIKEENTITY (ID, NAME, ARTIST_ID) values (55, '', 10)
insert into APP.ARTISTLIKEENTITY (ID, NAME, ARTIST_ID) values (56, '', 3)
insert into APP.ARTISTLIKEENTITY (ID, NAME, ARTIST_ID) values (57, '', 3)
insert into APP.ARTISTLIKEENTITY (ID, NAME, ARTIST_ID) values (58, '', 4)
insert into APP.ARTISTLIKEENTITY (ID, NAME, ARTIST_ID) values (59, '', 16)
insert into APP.ARTISTLIKEENTITY (ID, NAME, ARTIST_ID) values (60, '', 18)
insert into APP.ARTISTLIKEENTITY (ID, NAME, ARTIST_ID) values (61, '', 19)
insert into APP.ARTISTLIKEENTITY (ID, NAME, ARTIST_ID) values (62, '', 2)
insert into APP.ARTISTLIKEENTITY (ID, NAME, ARTIST_ID) values (63, '', 8)
insert into APP.ARTISTLIKEENTITY (ID, NAME, ARTIST_ID) values (64, '', 6)
insert into APP.ARTISTLIKEENTITY (ID, NAME, ARTIST_ID) values (65, '', 2)
insert into APP.ARTISTLIKEENTITY (ID, NAME, ARTIST_ID) values (66, '', 17)
insert into APP.ARTISTLIKEENTITY (ID, NAME, ARTIST_ID) values (67, '', 8)
insert into APP.ARTISTLIKEENTITY (ID, NAME, ARTIST_ID) values (68, '', 20)
insert into APP.ARTISTLIKEENTITY (ID, NAME, ARTIST_ID) values (69, '', 1)
insert into APP.ARTISTLIKEENTITY (ID, NAME, ARTIST_ID) values (70, '', 6)
insert into APP.ARTISTLIKEENTITY (ID, NAME, ARTIST_ID) values (71, '', 12)
insert into APP.ARTISTLIKEENTITY (ID, NAME, ARTIST_ID) values (72, '', 11)
insert into APP.ARTISTLIKEENTITY (ID, NAME, ARTIST_ID) values (73, '', 8)
insert into APP.ARTISTLIKEENTITY (ID, NAME, ARTIST_ID) values (74, '', 11)
insert into APP.ARTISTLIKEENTITY (ID, NAME, ARTIST_ID) values (75, '', 17)
insert into APP.ARTISTLIKEENTITY (ID, NAME, ARTIST_ID) values (76, '', 15)
insert into APP.ARTISTLIKEENTITY (ID, NAME, ARTIST_ID) values (77, '', 8)
insert into APP.ARTISTLIKEENTITY (ID, NAME, ARTIST_ID) values (78, '', 16)
insert into APP.ARTISTLIKEENTITY (ID, NAME, ARTIST_ID) values (79, '', 1)
insert into APP.ARTISTLIKEENTITY (ID, NAME, ARTIST_ID) values (80, '', 4)
insert into APP.ARTISTLIKEENTITY (ID, NAME, ARTIST_ID) values (81, '', 17)
insert into APP.ARTISTLIKEENTITY (ID, NAME, ARTIST_ID) values (82, '', 20)
insert into APP.ARTISTLIKEENTITY (ID, NAME, ARTIST_ID) values (83, '', 11)
insert into APP.ARTISTLIKEENTITY (ID, NAME, ARTIST_ID) values (84, '', 10)
insert into APP.ARTISTLIKEENTITY (ID, NAME, ARTIST_ID) values (85, '', 4)
insert into APP.ARTISTLIKEENTITY (ID, NAME, ARTIST_ID) values (86, '', 3)
insert into APP.ARTISTLIKEENTITY (ID, NAME, ARTIST_ID) values (87, '', 16)
insert into APP.ARTISTLIKEENTITY (ID, NAME, ARTIST_ID) values (88, '', 17)
insert into APP.ARTISTLIKEENTITY (ID, NAME, ARTIST_ID) values (89, '', 15)
insert into APP.ARTISTLIKEENTITY (ID, NAME, ARTIST_ID) values (90, '', 13)
insert into APP.ARTISTLIKEENTITY (ID, NAME, ARTIST_ID) values (91, '', 13)
insert into APP.ARTISTLIKEENTITY (ID, NAME, ARTIST_ID) values (92, '', 4)
insert into APP.ARTISTLIKEENTITY (ID, NAME, ARTIST_ID) values (93, '', 10)
insert into APP.ARTISTLIKEENTITY (ID, NAME, ARTIST_ID) values (94, '', 13)
insert into APP.ARTISTLIKEENTITY (ID, NAME, ARTIST_ID) values (95, '', 17)
insert into APP.ARTISTLIKEENTITY (ID, NAME, ARTIST_ID) values (96, '', 14)
insert into APP.ARTISTLIKEENTITY (ID, NAME, ARTIST_ID) values (97, '', 2)
insert into APP.ARTISTLIKEENTITY (ID, NAME, ARTIST_ID) values (98, '', 15)
insert into APP.ARTISTLIKEENTITY (ID, NAME, ARTIST_ID) values (99, '', 17)
insert into APP.ARTISTLIKEENTITY (ID, NAME, ARTIST_ID) values (100, '', 1)
insert into APP.ARTISTLIKEENTITY (ID, NAME, ARTIST_ID) values (101, '', 20)
insert into APP.ARTISTLIKEENTITY (ID, NAME, ARTIST_ID) values (102, '', 11)
insert into APP.ARTISTLIKEENTITY (ID, NAME, ARTIST_ID) values (103, '', 3)
insert into APP.ARTISTLIKEENTITY (ID, NAME, ARTIST_ID) values (104, '', 1)
insert into APP.ARTISTLIKEENTITY (ID, NAME, ARTIST_ID) values (105, '', 5)
insert into APP.ARTISTLIKEENTITY (ID, NAME, ARTIST_ID) values (106, '', 3)
insert into APP.ARTISTLIKEENTITY (ID, NAME, ARTIST_ID) values (107, '', 6)
insert into APP.ARTISTLIKEENTITY (ID, NAME, ARTIST_ID) values (108, '', 15)
insert into APP.ARTISTLIKEENTITY (ID, NAME, ARTIST_ID) values (109, '', 20)
insert into APP.ARTISTLIKEENTITY (ID, NAME, ARTIST_ID) values (110, '', 3)
insert into APP.ARTISTLIKEENTITY (ID, NAME, ARTIST_ID) values (111, '', 7)
insert into APP.ARTISTLIKEENTITY (ID, NAME, ARTIST_ID) values (112, '', 9)
insert into APP.ARTISTLIKEENTITY (ID, NAME, ARTIST_ID) values (113, '', 1)
insert into APP.ARTISTLIKEENTITY (ID, NAME, ARTIST_ID) values (114, '', 9)
insert into APP.ARTISTLIKEENTITY (ID, NAME, ARTIST_ID) values (115, '', 1)
insert into APP.ARTISTLIKEENTITY (ID, NAME, ARTIST_ID) values (116, '', 4)
insert into APP.ARTISTLIKEENTITY (ID, NAME, ARTIST_ID) values (117, '', 19)
insert into APP.ARTISTLIKEENTITY (ID, NAME, ARTIST_ID) values (118, '', 19)
insert into APP.ARTISTLIKEENTITY (ID, NAME, ARTIST_ID) values (119, '', 3)
insert into APP.ARTISTLIKEENTITY (ID, NAME, ARTIST_ID) values (120, '', 19)
insert into APP.ARTISTLIKEENTITY (ID, NAME, ARTIST_ID) values (121, '', 3)
insert into APP.ARTISTLIKEENTITY (ID, NAME, ARTIST_ID) values (122, '', 2)
insert into APP.ARTISTLIKEENTITY (ID, NAME, ARTIST_ID) values (123, '', 8)
insert into APP.ARTISTLIKEENTITY (ID, NAME, ARTIST_ID) values (124, '', 13)
insert into APP.ARTISTLIKEENTITY (ID, NAME, ARTIST_ID) values (125, '', 14)
insert into APP.ARTISTLIKEENTITY (ID, NAME, ARTIST_ID) values (126, '', 11)
insert into APP.ARTISTLIKEENTITY (ID, NAME, ARTIST_ID) values (127, '', 4)
insert into APP.ARTISTLIKEENTITY (ID, NAME, ARTIST_ID) values (128, '', 4)
insert into APP.ARTISTLIKEENTITY (ID, NAME, ARTIST_ID) values (129, '', 11)
insert into APP.ARTISTLIKEENTITY (ID, NAME, ARTIST_ID) values (130, '', 3)
insert into APP.ARTISTLIKEENTITY (ID, NAME, ARTIST_ID) values (131, '', 12)
insert into APP.ARTISTLIKEENTITY (ID, NAME, ARTIST_ID) values (132, '', 12)
insert into APP.ARTISTLIKEENTITY (ID, NAME, ARTIST_ID) values (133, '', 5)
insert into APP.ARTISTLIKEENTITY (ID, NAME, ARTIST_ID) values (134, '', 1)
insert into APP.ARTISTLIKEENTITY (ID, NAME, ARTIST_ID) values (135, '', 16)
insert into APP.ARTISTLIKEENTITY (ID, NAME, ARTIST_ID) values (136, '', 3)
insert into APP.ARTISTLIKEENTITY (ID, NAME, ARTIST_ID) values (137, '', 2)
insert into APP.ARTISTLIKEENTITY (ID, NAME, ARTIST_ID) values (138, '', 17)
insert into APP.ARTISTLIKEENTITY (ID, NAME, ARTIST_ID) values (139, '', 3)
insert into APP.ARTISTLIKEENTITY (ID, NAME, ARTIST_ID) values (140, '', 6)
insert into APP.ARTISTLIKEENTITY (ID, NAME, ARTIST_ID) values (141, '', 17)
insert into APP.ARTISTLIKEENTITY (ID, NAME, ARTIST_ID) values (142, '', 19)
insert into APP.ARTISTLIKEENTITY (ID, NAME, ARTIST_ID) values (143, '', 2)
insert into APP.ARTISTLIKEENTITY (ID, NAME, ARTIST_ID) values (144, '', 7)
insert into APP.ARTISTLIKEENTITY (ID, NAME, ARTIST_ID) values (145, '', 9)
insert into APP.ARTISTLIKEENTITY (ID, NAME, ARTIST_ID) values (146, '', 8)
insert into APP.ARTISTLIKEENTITY (ID, NAME, ARTIST_ID) values (147, '', 3)
insert into APP.ARTISTLIKEENTITY (ID, NAME, ARTIST_ID) values (148, '', 4)
insert into APP.ARTISTLIKEENTITY (ID, NAME, ARTIST_ID) values (149, '', 14)
insert into APP.ARTISTLIKEENTITY (ID, NAME, ARTIST_ID) values (150, '', 15)
insert into APP.ARTISTLIKEENTITY (ID, NAME, ARTIST_ID) values (151, '', 13)
insert into APP.ARTISTLIKEENTITY (ID, NAME, ARTIST_ID) values (152, '', 17)
insert into APP.ARTISTLIKEENTITY (ID, NAME, ARTIST_ID) values (153, '', 20)
insert into APP.ARTISTLIKEENTITY (ID, NAME, ARTIST_ID) values (154, '', 19)
insert into APP.ARTISTLIKEENTITY (ID, NAME, ARTIST_ID) values (155, '', 2)
insert into APP.ARTISTLIKEENTITY (ID, NAME, ARTIST_ID) values (156, '', 20)
insert into APP.ARTISTLIKEENTITY (ID, NAME, ARTIST_ID) values (157, '', 1)
insert into APP.ARTISTLIKEENTITY (ID, NAME, ARTIST_ID) values (158, '', 11)
insert into APP.ARTISTLIKEENTITY (ID, NAME, ARTIST_ID) values (159, '', 1)
insert into APP.ARTISTLIKEENTITY (ID, NAME, ARTIST_ID) values (160, '', 12)
insert into APP.ARTISTLIKEENTITY (ID, NAME, ARTIST_ID) values (161, '', 9)
insert into APP.ARTISTLIKEENTITY (ID, NAME, ARTIST_ID) values (162, '', 1)
insert into APP.ARTISTLIKEENTITY (ID, NAME, ARTIST_ID) values (163, '', 11)
insert into APP.ARTISTLIKEENTITY (ID, NAME, ARTIST_ID) values (164, '', 13)
insert into APP.ARTISTLIKEENTITY (ID, NAME, ARTIST_ID) values (165, '', 14)
insert into APP.ARTISTLIKEENTITY (ID, NAME, ARTIST_ID) values (166, '', 11)
insert into APP.ARTISTLIKEENTITY (ID, NAME, ARTIST_ID) values (167, '', 14)
insert into APP.ARTISTLIKEENTITY (ID, NAME, ARTIST_ID) values (168, '', 13)
insert into APP.ARTISTLIKEENTITY (ID, NAME, ARTIST_ID) values (169, '', 5)
insert into APP.ARTISTLIKEENTITY (ID, NAME, ARTIST_ID) values (170, '', 7)
insert into APP.ARTISTLIKEENTITY (ID, NAME, ARTIST_ID) values (171, '', 10)
insert into APP.ARTISTLIKEENTITY (ID, NAME, ARTIST_ID) values (172, '', 12)
insert into APP.ARTISTLIKEENTITY (ID, NAME, ARTIST_ID) values (173, '', 6)
insert into APP.ARTISTLIKEENTITY (ID, NAME, ARTIST_ID) values (174, '', 6)
insert into APP.ARTISTLIKEENTITY (ID, NAME, ARTIST_ID) values (175, '', 15)
insert into APP.ARTISTLIKEENTITY (ID, NAME, ARTIST_ID) values (176, '', 17)
insert into APP.ARTISTLIKEENTITY (ID, NAME, ARTIST_ID) values (177, '', 13)
insert into APP.ARTISTLIKEENTITY (ID, NAME, ARTIST_ID) values (178, '', 20)
insert into APP.ARTISTLIKEENTITY (ID, NAME, ARTIST_ID) values (179, '', 16)
insert into APP.ARTISTLIKEENTITY (ID, NAME, ARTIST_ID) values (180, '', 2)
insert into APP.ARTISTLIKEENTITY (ID, NAME, ARTIST_ID) values (181, '', 14)
insert into APP.ARTISTLIKEENTITY (ID, NAME, ARTIST_ID) values (182, '', 19)
insert into APP.ARTISTLIKEENTITY (ID, NAME, ARTIST_ID) values (183, '', 13)
insert into APP.ARTISTLIKEENTITY (ID, NAME, ARTIST_ID) values (184, '', 15)
insert into APP.ARTISTLIKEENTITY (ID, NAME, ARTIST_ID) values (185, '', 14)
insert into APP.ARTISTLIKEENTITY (ID, NAME, ARTIST_ID) values (186, '', 1)
insert into APP.ARTISTLIKEENTITY (ID, NAME, ARTIST_ID) values (187, '', 7)
insert into APP.ARTISTLIKEENTITY (ID, NAME, ARTIST_ID) values (188, '', 15)
insert into APP.ARTISTLIKEENTITY (ID, NAME, ARTIST_ID) values (189, '', 10)
insert into APP.ARTISTLIKEENTITY (ID, NAME, ARTIST_ID) values (190, '', 10)
insert into APP.ARTISTLIKEENTITY (ID, NAME, ARTIST_ID) values (191, '', 19)
insert into APP.ARTISTLIKEENTITY (ID, NAME, ARTIST_ID) values (192, '', 1)
insert into APP.ARTISTLIKEENTITY (ID, NAME, ARTIST_ID) values (193, '', 4)
insert into APP.ARTISTLIKEENTITY (ID, NAME, ARTIST_ID) values (194, '', 2)
insert into APP.ARTISTLIKEENTITY (ID, NAME, ARTIST_ID) values (195, '', 10)
insert into APP.ARTISTLIKEENTITY (ID, NAME, ARTIST_ID) values (196, '', 19)
insert into APP.ARTISTLIKEENTITY (ID, NAME, ARTIST_ID) values (197, '', 5)
insert into APP.ARTISTLIKEENTITY (ID, NAME, ARTIST_ID) values (198, '', 18)
insert into APP.ARTISTLIKEENTITY (ID, NAME, ARTIST_ID) values (199, '', 3)
insert into APP.ARTISTLIKEENTITY (ID, NAME, ARTIST_ID) values (200, '', 8)

insert into APP.CATEGORYENTITY (ID, NAME, PARENTCATEGORY_ID) values (1, 'Classic', null)
insert into APP.CATEGORYENTITY (ID, NAME, PARENTCATEGORY_ID) values (2, 'Gothic', null)
insert into APP.CATEGORYENTITY (ID, NAME, PARENTCATEGORY_ID) values (3, 'Neoclassical', 1)
insert into APP.CATEGORYENTITY (ID, NAME, PARENTCATEGORY_ID) values (4, 'Modern', null)
insert into APP.CATEGORYENTITY (ID, NAME, PARENTCATEGORY_ID) values (5, 'Contemporary', null)
insert into APP.CATEGORYENTITY (ID, NAME, PARENTCATEGORY_ID) values (6, 'Abstract', null)
insert into APP.CATEGORYENTITY (ID, NAME, PARENTCATEGORY_ID) values (7, 'Expressionist', null)
insert into APP.CATEGORYENTITY (ID, NAME, PARENTCATEGORY_ID) values (8, 'Pop Art', null)
insert into APP.CATEGORYENTITY (ID, NAME, PARENTCATEGORY_ID) values (9, 'Illustration', null)
insert into APP.CATEGORYENTITY (ID, NAME, PARENTCATEGORY_ID) values (10, 'Surrealism', null)

insert into APP.CLIENTENTITY (ID, NAME, AGE) values (1, 'Joyce Little', 75)
insert into APP.CLIENTENTITY (ID, NAME, AGE) values (2, 'Terry Hunter', 67)
insert into APP.CLIENTENTITY (ID, NAME, AGE) values (3, 'Susan Mccoy', 27)
insert into APP.CLIENTENTITY (ID, NAME, AGE) values (4, 'Rachel Alvarez', 50)
insert into APP.CLIENTENTITY (ID, NAME, AGE) values (5, 'Jonathan Stanley', 15)
insert into APP.CLIENTENTITY (ID, NAME, AGE) values (6, 'Henry Perez', 32)
insert into APP.CLIENTENTITY (ID, NAME, AGE) values (7, 'Bruce Roberts', 79)
insert into APP.CLIENTENTITY (ID, NAME, AGE) values (8, 'Bobby Reyes', 25)
insert into APP.CLIENTENTITY (ID, NAME, AGE) values (9, 'Victor Washington', 54)
insert into APP.CLIENTENTITY (ID, NAME, AGE) values (10, 'Brenda Larson', 49)
insert into APP.CLIENTENTITY (ID, NAME, AGE) values (11, 'Tammy Rivera', 64)
insert into APP.CLIENTENTITY (ID, NAME, AGE) values (12, 'Cheryl Richardson', 56)
insert into APP.CLIENTENTITY (ID, NAME, AGE) values (13, 'Samuel Mccoy', 17)
insert into APP.CLIENTENTITY (ID, NAME, AGE) values (14, 'Marie Cooper', 74)
insert into APP.CLIENTENTITY (ID, NAME, AGE) values (15, 'Charles Robertson', 33)
insert into APP.CLIENTENTITY (ID, NAME, AGE) values (16, 'Julie Brooks', 40)
insert into APP.CLIENTENTITY (ID, NAME, AGE) values (17, 'Randy White', 65)
insert into APP.CLIENTENTITY (ID, NAME, AGE) values (18, 'Julia Edwards', 44)
insert into APP.CLIENTENTITY (ID, NAME, AGE) values (19, 'Alice Frazier', 52)
insert into APP.CLIENTENTITY (ID, NAME, AGE) values (20, 'Linda Gilbert', 15)

insert into APP.CREDITCARDENTITY (ID, EXPIRATIONMONTH, EXPIRATIONYEAR, NUMBER, TYPE, CLIENT_ID) values (1, 10, 2025, '5602234057548790', 'bankcard', 7)
insert into APP.CREDITCARDENTITY (ID, EXPIRATIONMONTH, EXPIRATIONYEAR, NUMBER, TYPE, CLIENT_ID) values (2, 1, 2021, '6761067870400087', 'maestro', 3)
insert into APP.CREDITCARDENTITY (ID, EXPIRATIONMONTH, EXPIRATIONYEAR, NUMBER, TYPE, CLIENT_ID) values (3, 7, 2023, '6393871750657740', 'instapayment', 12)
insert into APP.CREDITCARDENTITY (ID, EXPIRATIONMONTH, EXPIRATIONYEAR, NUMBER, TYPE, CLIENT_ID) values (4, 2, 2017, '633381214330376595', 'switch', 5)
insert into APP.CREDITCARDENTITY (ID, EXPIRATIONMONTH, EXPIRATIONYEAR, NUMBER, TYPE, CLIENT_ID) values (5, 4, 2023, '5602245674345303', 'china-unionpay', 18)
insert into APP.CREDITCARDENTITY (ID, EXPIRATIONMONTH, EXPIRATIONYEAR, NUMBER, TYPE, CLIENT_ID) values (6, 7, 2020, '3547520728417297', 'jcb', 1)
insert into APP.CREDITCARDENTITY (ID, EXPIRATIONMONTH, EXPIRATIONYEAR, NUMBER, TYPE, CLIENT_ID) values (7, 12, 2022, '3542058238650383', 'jcb', 11)
insert into APP.CREDITCARDENTITY (ID, EXPIRATIONMONTH, EXPIRATIONYEAR, NUMBER, TYPE, CLIENT_ID) values (8, 1, 2020, '3575344119632322', 'jcb', 9)
insert into APP.CREDITCARDENTITY (ID, EXPIRATIONMONTH, EXPIRATIONYEAR, NUMBER, TYPE, CLIENT_ID) values (9, 5, 2020, '67598540135798538', 'maestro', 4)
insert into APP.CREDITCARDENTITY (ID, EXPIRATIONMONTH, EXPIRATIONYEAR, NUMBER, TYPE, CLIENT_ID) values (10, 6, 2017, '3550984566154277', 'jcb', 11)
insert into APP.CREDITCARDENTITY (ID, EXPIRATIONMONTH, EXPIRATIONYEAR, NUMBER, TYPE, CLIENT_ID) values (11, 1, 2023, '5602236086399342602', 'china-unionpay', 18)
insert into APP.CREDITCARDENTITY (ID, EXPIRATIONMONTH, EXPIRATIONYEAR, NUMBER, TYPE, CLIENT_ID) values (12, 7, 2019, '5402625700099838', 'diners-club-us-ca', 12)
insert into APP.CREDITCARDENTITY (ID, EXPIRATIONMONTH, EXPIRATIONYEAR, NUMBER, TYPE, CLIENT_ID) values (13, 3, 2025, '340555797112739', 'americanexpress', 14)
insert into APP.CREDITCARDENTITY (ID, EXPIRATIONMONTH, EXPIRATIONYEAR, NUMBER, TYPE, CLIENT_ID) values (14, 10, 2025, '5602256256779587', 'bankcard', 10)
insert into APP.CREDITCARDENTITY (ID, EXPIRATIONMONTH, EXPIRATIONYEAR, NUMBER, TYPE, CLIENT_ID) values (15, 4, 2021, '3574954613706769', 'jcb', 3)
insert into APP.CREDITCARDENTITY (ID, EXPIRATIONMONTH, EXPIRATIONYEAR, NUMBER, TYPE, CLIENT_ID) values (16, 10, 2022, '5018163975704971780', 'maestro', 10)
insert into APP.CREDITCARDENTITY (ID, EXPIRATIONMONTH, EXPIRATIONYEAR, NUMBER, TYPE, CLIENT_ID) values (17, 11, 2021, '3531856862666374', 'jcb', 18)
insert into APP.CREDITCARDENTITY (ID, EXPIRATIONMONTH, EXPIRATIONYEAR, NUMBER, TYPE, CLIENT_ID) values (18, 9, 2025, '3588577514861963', 'jcb', 2)
insert into APP.CREDITCARDENTITY (ID, EXPIRATIONMONTH, EXPIRATIONYEAR, NUMBER, TYPE, CLIENT_ID) values (19, 2, 2018, '5552224030575820', 'diners-club-us-ca', 1)
insert into APP.CREDITCARDENTITY (ID, EXPIRATIONMONTH, EXPIRATIONYEAR, NUMBER, TYPE, CLIENT_ID) values (20, 8, 2021, '3528142947921232', 'jcb', 13)
insert into APP.CREDITCARDENTITY (ID, EXPIRATIONMONTH, EXPIRATIONYEAR, NUMBER, TYPE, CLIENT_ID) values (21, 3, 2023, '4017955007075', 'visa', 20)
insert into APP.CREDITCARDENTITY (ID, EXPIRATIONMONTH, EXPIRATIONYEAR, NUMBER, TYPE, CLIENT_ID) values (22, 2, 2024, '3565212232259368', 'jcb', 9)
insert into APP.CREDITCARDENTITY (ID, EXPIRATIONMONTH, EXPIRATIONYEAR, NUMBER, TYPE, CLIENT_ID) values (23, 12, 2021, '67632070389589795', 'maestro', 5)
insert into APP.CREDITCARDENTITY (ID, EXPIRATIONMONTH, EXPIRATIONYEAR, NUMBER, TYPE, CLIENT_ID) values (24, 3, 2024, '3547533698092438', 'jcb', 17)
insert into APP.CREDITCARDENTITY (ID, EXPIRATIONMONTH, EXPIRATIONYEAR, NUMBER, TYPE, CLIENT_ID) values (25, 3, 2023, '564182110273220204', 'switch', 11)
insert into APP.CREDITCARDENTITY (ID, EXPIRATIONMONTH, EXPIRATIONYEAR, NUMBER, TYPE, CLIENT_ID) values (26, 12, 2018, '3567672351566950', 'jcb', 19)
insert into APP.CREDITCARDENTITY (ID, EXPIRATIONMONTH, EXPIRATIONYEAR, NUMBER, TYPE, CLIENT_ID) values (27, 4, 2019, '5602222891141567', 'china-unionpay', 12)
insert into APP.CREDITCARDENTITY (ID, EXPIRATIONMONTH, EXPIRATIONYEAR, NUMBER, TYPE, CLIENT_ID) values (28, 8, 2022, '3538388150994626', 'jcb', 20)
insert into APP.CREDITCARDENTITY (ID, EXPIRATIONMONTH, EXPIRATIONYEAR, NUMBER, TYPE, CLIENT_ID) values (29, 1, 2021, '201552254946939', 'diners-club-enroute', 1)
insert into APP.CREDITCARDENTITY (ID, EXPIRATIONMONTH, EXPIRATIONYEAR, NUMBER, TYPE, CLIENT_ID) values (30, 2, 2025, '6304277581754269152', 'laser', 9)
insert into APP.CREDITCARDENTITY (ID, EXPIRATIONMONTH, EXPIRATIONYEAR, NUMBER, TYPE, CLIENT_ID) values (31, 4, 2023, '3548465327334502', 'jcb', 2)
insert into APP.CREDITCARDENTITY (ID, EXPIRATIONMONTH, EXPIRATIONYEAR, NUMBER, TYPE, CLIENT_ID) values (32, 1, 2017, '3580688266644164', 'jcb', 14)
insert into APP.CREDITCARDENTITY (ID, EXPIRATIONMONTH, EXPIRATIONYEAR, NUMBER, TYPE, CLIENT_ID) values (33, 5, 2023, '3573189464303314', 'jcb', 5)
insert into APP.CREDITCARDENTITY (ID, EXPIRATIONMONTH, EXPIRATIONYEAR, NUMBER, TYPE, CLIENT_ID) values (34, 3, 2019, '6767077669225152188', 'solo', 10)
insert into APP.CREDITCARDENTITY (ID, EXPIRATIONMONTH, EXPIRATIONYEAR, NUMBER, TYPE, CLIENT_ID) values (35, 3, 2018, '30423149636753', 'diners-club-carte-blanche', 2)
insert into APP.CREDITCARDENTITY (ID, EXPIRATIONMONTH, EXPIRATIONYEAR, NUMBER, TYPE, CLIENT_ID) values (36, 10, 2020, '201916880373703', 'diners-club-enroute', 1)
insert into APP.CREDITCARDENTITY (ID, EXPIRATIONMONTH, EXPIRATIONYEAR, NUMBER, TYPE, CLIENT_ID) values (37, 9, 2021, '6331101353340188', 'switch', 7)
insert into APP.CREDITCARDENTITY (ID, EXPIRATIONMONTH, EXPIRATIONYEAR, NUMBER, TYPE, CLIENT_ID) values (38, 6, 2025, '3557948172731474', 'jcb', 3)
insert into APP.CREDITCARDENTITY (ID, EXPIRATIONMONTH, EXPIRATIONYEAR, NUMBER, TYPE, CLIENT_ID) values (39, 5, 2019, '3537432083187642', 'jcb', 9)
insert into APP.CREDITCARDENTITY (ID, EXPIRATIONMONTH, EXPIRATIONYEAR, NUMBER, TYPE, CLIENT_ID) values (40, 7, 2024, '6761320416345518', 'maestro', 7)
insert into APP.CREDITCARDENTITY (ID, EXPIRATIONMONTH, EXPIRATIONYEAR, NUMBER, TYPE, CLIENT_ID) values (41, 3, 2021, '4041376113245770', 'visa', 17)
insert into APP.CREDITCARDENTITY (ID, EXPIRATIONMONTH, EXPIRATIONYEAR, NUMBER, TYPE, CLIENT_ID) values (42, 12, 2018, '5007661242352194', 'mastercard', 17)
insert into APP.CREDITCARDENTITY (ID, EXPIRATIONMONTH, EXPIRATIONYEAR, NUMBER, TYPE, CLIENT_ID) values (43, 5, 2016, '4903195922604739', 'switch', 18)
insert into APP.CREDITCARDENTITY (ID, EXPIRATIONMONTH, EXPIRATIONYEAR, NUMBER, TYPE, CLIENT_ID) values (44, 6, 2022, '3548436063016041', 'jcb', 8)
insert into APP.CREDITCARDENTITY (ID, EXPIRATIONMONTH, EXPIRATIONYEAR, NUMBER, TYPE, CLIENT_ID) values (45, 11, 2024, '5610927701437779', 'bankcard', 18)
insert into APP.CREDITCARDENTITY (ID, EXPIRATIONMONTH, EXPIRATIONYEAR, NUMBER, TYPE, CLIENT_ID) values (46, 5, 2019, '4881441367850', 'visa', 10)
insert into APP.CREDITCARDENTITY (ID, EXPIRATIONMONTH, EXPIRATIONYEAR, NUMBER, TYPE, CLIENT_ID) values (47, 10, 2019, '3575209080522333', 'jcb', 3)
insert into APP.CREDITCARDENTITY (ID, EXPIRATIONMONTH, EXPIRATIONYEAR, NUMBER, TYPE, CLIENT_ID) values (48, 11, 2020, '3540222127669001', 'jcb', 14)
insert into APP.CREDITCARDENTITY (ID, EXPIRATIONMONTH, EXPIRATIONYEAR, NUMBER, TYPE, CLIENT_ID) values (49, 4, 2025, '3573279659584115', 'jcb', 12)
insert into APP.CREDITCARDENTITY (ID, EXPIRATIONMONTH, EXPIRATIONYEAR, NUMBER, TYPE, CLIENT_ID) values (50, 12, 2023, '3576533747750162', 'jcb', 2)

insert into APP.MESSAGEENTITY (ID, BODY, NAME, SENTDATE, SUBJECT, CLIENT_ID) values (1, 'sit amet turpis elementum ligula vehicula consequat morbi a ipsum integer a nibh in quis justo maecenas rhoncus aliquam lacus', '', '2016-09-05 02:34:51', 'nec molestie sed justo', 8)
insert into APP.MESSAGEENTITY (ID, BODY, NAME, SENTDATE, SUBJECT, CLIENT_ID) values (2, 'in blandit ultrices enim lorem', '', '2016-08-22 18:07:11', 'quam suspendisse potenti nullam porttitor lacus at', 3)
insert into APP.MESSAGEENTITY (ID, BODY, NAME, SENTDATE, SUBJECT, CLIENT_ID) values (3, 'mus etiam vel augue vestibulum rutrum rutrum neque aenean auctor gravida sem praesent id massa id nisl venenatis lacinia aenean sit amet justo morbi ut odio cras mi pede malesuada in imperdiet et commodo vulputate justo in', '', '2016-01-25 21:28:52', 'nascetur ridiculus mus etiam vel augue vestibulum', 6)
insert into APP.MESSAGEENTITY (ID, BODY, NAME, SENTDATE, SUBJECT, CLIENT_ID) values (4, 'varius ut blandit non interdum in ante vestibulum ante ipsum primis in faucibus orci luctus et ultrices posuere cubilia curae duis faucibus accumsan odio curabitur convallis duis consequat dui nec nisi volutpat eleifend donec ut dolor', '', '2016-10-13 19:11:26', 'porttitor pede justo eu', 10)
insert into APP.MESSAGEENTITY (ID, BODY, NAME, SENTDATE, SUBJECT, CLIENT_ID) values (5, 'sapien urna pretium nisl ut volutpat sapien arcu sed augue aliquam erat volutpat in congue etiam justo etiam pretium iaculis justo in hac habitasse', '', '2016-04-25 18:59:57', 'phasellus sit amet erat nulla', 12)
insert into APP.MESSAGEENTITY (ID, BODY, NAME, SENTDATE, SUBJECT, CLIENT_ID) values (6, 'lacus curabitur at ipsum ac tellus semper interdum mauris ullamcorper purus sit amet nulla', '', '2016-05-14 04:59:13', 'dui proin leo odio', 10)
insert into APP.MESSAGEENTITY (ID, BODY, NAME, SENTDATE, SUBJECT, CLIENT_ID) values (7, 'consequat in consequat ut nulla sed accumsan felis ut at dolor quis odio consequat varius integer ac leo pellentesque ultrices mattis odio donec vitae nisi nam ultrices libero non mattis pulvinar', '', '2016-06-07 11:23:46', 'condimentum curabitur in libero', 15)
insert into APP.MESSAGEENTITY (ID, BODY, NAME, SENTDATE, SUBJECT, CLIENT_ID) values (8, 'erat curabitur gravida nisi at nibh in hac habitasse platea dictumst aliquam augue quam sollicitudin vitae consectetuer eget rutrum at lorem integer tincidunt ante vel ipsum praesent blandit lacinia erat', '', '2016-02-22 07:56:58', 'phasellus in felis donec semper sapien a', 4)
insert into APP.MESSAGEENTITY (ID, BODY, NAME, SENTDATE, SUBJECT, CLIENT_ID) values (9, 'nisl ut volutpat sapien arcu sed augue', '', '2016-05-18 02:25:56', 'ipsum dolor sit amet consectetuer adipiscing elit', 1)
insert into APP.MESSAGEENTITY (ID, BODY, NAME, SENTDATE, SUBJECT, CLIENT_ID) values (10, 'augue quam sollicitudin vitae consectetuer eget rutrum at', '', '2016-10-20 10:38:25', 'platea dictumst morbi', 13)
insert into APP.MESSAGEENTITY (ID, BODY, NAME, SENTDATE, SUBJECT, CLIENT_ID) values (11, 'dui nec nisi volutpat eleifend', '', '2016-03-18 17:53:38', 'justo morbi ut odio cras mi pede', 2)
insert into APP.MESSAGEENTITY (ID, BODY, NAME, SENTDATE, SUBJECT, CLIENT_ID) values (12, 'purus aliquet at feugiat non pretium quis lectus suspendisse potenti in eleifend quam a odio in hac habitasse platea dictumst maecenas ut massa quis augue luctus tincidunt nulla', '', '2016-08-26 13:48:29', 'metus sapien ut', 9)
insert into APP.MESSAGEENTITY (ID, BODY, NAME, SENTDATE, SUBJECT, CLIENT_ID) values (13, 'nec euismod scelerisque quam turpis adipiscing lorem vitae mattis nibh ligula nec sem duis aliquam convallis nunc', '', '2016-07-18 21:18:10', 'in libero ut massa volutpat convallis', 11)
insert into APP.MESSAGEENTITY (ID, BODY, NAME, SENTDATE, SUBJECT, CLIENT_ID) values (14, 'volutpat dui maecenas tristique est et tempus semper est quam pharetra magna ac consequat metus sapien ut nunc vestibulum ante ipsum', '', '2015-11-02 21:49:33', 'nullam varius nulla facilisi cras non velit', 16)
insert into APP.MESSAGEENTITY (ID, BODY, NAME, SENTDATE, SUBJECT, CLIENT_ID) values (15, 'justo aliquam quis turpis eget elit sodales scelerisque mauris sit amet eros suspendisse accumsan tortor quis turpis sed ante vivamus tortor duis mattis egestas metus aenean fermentum donec ut mauris eget', '', '2015-12-13 08:19:37', 'lectus vestibulum quam', 12)
insert into APP.MESSAGEENTITY (ID, BODY, NAME, SENTDATE, SUBJECT, CLIENT_ID) values (16, 'orci nullam molestie nibh in lectus pellentesque at nulla suspendisse potenti cras in purus eu magna vulputate luctus cum sociis natoque penatibus et magnis dis parturient montes', '', '2016-04-17 22:49:59', 'vivamus vel nulla eget eros elementum', 12)
insert into APP.MESSAGEENTITY (ID, BODY, NAME, SENTDATE, SUBJECT, CLIENT_ID) values (17, 'porttitor id consequat in consequat ut nulla sed accumsan felis ut at dolor quis odio consequat varius integer ac leo pellentesque ultrices mattis odio donec vitae nisi nam ultrices libero', '', '2016-04-21 01:56:18', 'ipsum primis in faucibus orci luctus et ultrices', 3)
insert into APP.MESSAGEENTITY (ID, BODY, NAME, SENTDATE, SUBJECT, CLIENT_ID) values (18, 'venenatis lacinia aenean sit amet justo morbi ut odio cras mi pede malesuada in imperdiet et commodo vulputate justo in blandit ultrices enim', '', '2016-09-23 07:35:50', 'duis aliquam convallis nunc proin at', 1)
insert into APP.MESSAGEENTITY (ID, BODY, NAME, SENTDATE, SUBJECT, CLIENT_ID) values (19, 'cubilia curae donec pharetra magna vestibulum aliquet ultrices erat tortor sollicitudin mi sit amet lobortis sapien sapien non mi integer ac neque duis bibendum morbi non quam nec dui', '', '2016-09-23 09:01:13', 'semper sapien a libero', 19)
insert into APP.MESSAGEENTITY (ID, BODY, NAME, SENTDATE, SUBJECT, CLIENT_ID) values (20, 'lacinia sapien quis libero nullam sit amet turpis elementum ligula vehicula consequat morbi a ipsum integer a nibh in quis justo maecenas rhoncus aliquam lacus morbi quis tortor id nulla', '', '2016-09-24 10:59:46', 'nulla mollis molestie lorem', 10)
insert into APP.MESSAGEENTITY (ID, BODY, NAME, SENTDATE, SUBJECT, CLIENT_ID) values (21, 'at nulla suspendisse potenti cras in', '', '2015-11-11 08:46:28', 'praesent blandit nam nulla integer pede justo lacinia', 7)
insert into APP.MESSAGEENTITY (ID, BODY, NAME, SENTDATE, SUBJECT, CLIENT_ID) values (22, 'porttitor lorem id ligula suspendisse ornare consequat lectus in est risus auctor sed tristique', '', '2015-12-16 01:48:33', 'non mi integer ac neque duis', 3)
insert into APP.MESSAGEENTITY (ID, BODY, NAME, SENTDATE, SUBJECT, CLIENT_ID) values (23, 'amet sapien dignissim vestibulum vestibulum ante ipsum primis in faucibus orci luctus et ultrices', '', '2016-09-02 10:29:46', 'posuere cubilia curae', 4)
insert into APP.MESSAGEENTITY (ID, BODY, NAME, SENTDATE, SUBJECT, CLIENT_ID) values (24, 'scelerisque quam turpis adipiscing lorem', '', '2016-01-19 06:22:50', 'ac tellus semper', 6)
insert into APP.MESSAGEENTITY (ID, BODY, NAME, SENTDATE, SUBJECT, CLIENT_ID) values (25, 'orci eget orci vehicula condimentum curabitur in libero ut massa volutpat', '', '2015-12-31 23:13:17', 'turpis adipiscing lorem vitae mattis nibh ligula nec', 5)

insert into APP.ARTWORKENTITY (ID, IMAGE, NAME, PRICE, ARTIST_ID) values (1, 'https://objects.artspan.com/member/mahoneyart/500/582541.jpg', '6th generation', 21764.74, 6)
insert into APP.ARTWORKENTITY (ID, IMAGE, NAME, PRICE, ARTIST_ID) values (2, 'https://objects.artspan.com/member/atomicpharaoh/500/2196807.jpg', 'architecture', 44036.93, 12)
insert into APP.ARTWORKENTITY (ID, IMAGE, NAME, PRICE, ARTIST_ID) values (3, 'https://objects.artspan.com/member/vanevanfuller/500/224240.jpg', 'needs-based', 76687.93, 12)
insert into APP.ARTWORKENTITY (ID, IMAGE, NAME, PRICE, ARTIST_ID) values (4, 'https://objects.artspan.com/member/carlramsey/500/264548.jpg', 'methodical', 41973.41, 19)
insert into APP.ARTWORKENTITY (ID, IMAGE, NAME, PRICE, ARTIST_ID) values (5, 'https://objects.artspan.com/member/brendayork/500/1863941.jpg', 'bottom-line', 90622.06, 15)
insert into APP.ARTWORKENTITY (ID, IMAGE, NAME, PRICE, ARTIST_ID) values (6, 'https://objects.artspan.com/member/davwagenfeld/500/184271.jpg', 'Re-contextualized', 19361.52, 11)
insert into APP.ARTWORKENTITY (ID, IMAGE, NAME, PRICE, ARTIST_ID) values (7, 'https://objects.artspan.com/member/rogeraslin/500/2565054.jpg', 'next generation', 4789.26, 8)
insert into APP.ARTWORKENTITY (ID, IMAGE, NAME, PRICE, ARTIST_ID) values (8, 'https://objects.artspan.com/member/gwendolynlewishuddleston/500/1941243.jpg', 'fresh-thinking', 73779.11, 14)
insert into APP.ARTWORKENTITY (ID, IMAGE, NAME, PRICE, ARTIST_ID) values (9, 'https://objects.artspan.com/member/heatherbarron/500/276906.jpg', 'homogeneous', 88206.97, 8)
insert into APP.ARTWORKENTITY (ID, IMAGE, NAME, PRICE, ARTIST_ID) values (10, 'https://objects.artspan.com/member/rogeraslin/500/2845996.jpg', 'Sharable', 28502.66, 11)
insert into APP.ARTWORKENTITY (ID, IMAGE, NAME, PRICE, ARTIST_ID) values (11, 'https://objects.artspan.com/member/marthabaum/500/2186681.jpg', 'Public-key', 28379.09, 12)
insert into APP.ARTWORKENTITY (ID, IMAGE, NAME, PRICE, ARTIST_ID) values (12, 'https://objects.artspan.com/member/judyehp/500/2192643.jpg', 'initiative', 98516.11, 8)
insert into APP.ARTWORKENTITY (ID, IMAGE, NAME, PRICE, ARTIST_ID) values (13, 'https://objects.artspan.com/member/brendayork/500/1002041.jpg', 'budgetary management', 15963.75, 7)
insert into APP.ARTWORKENTITY (ID, IMAGE, NAME, PRICE, ARTIST_ID) values (14, 'https://objects.artspan.com/member/sgulino/500/278344.jpg', 'intangible', 99546.71, 8)
insert into APP.ARTWORKENTITY (ID, IMAGE, NAME, PRICE, ARTIST_ID) values (15, 'https://objects.artspan.com/member/cjohnson/500/2260919.jpg', 'Compatible', 98783.49, 2)
insert into APP.ARTWORKENTITY (ID, IMAGE, NAME, PRICE, ARTIST_ID) values (16, 'https://objects.artspan.com/member/cjohnson/500/2829560.jpg', 'Public-key', 68463.84, 1)
insert into APP.ARTWORKENTITY (ID, IMAGE, NAME, PRICE, ARTIST_ID) values (17, 'https://objects.artspan.com/member/miskra/500/19750.jpg', 'Realigned', 54132.46, 6)
insert into APP.ARTWORKENTITY (ID, IMAGE, NAME, PRICE, ARTIST_ID) values (18, 'https://objects.artspan.com/member/rldegenhardt/500/2795315.jpg', 'groupware', 30238.92, 19)
insert into APP.ARTWORKENTITY (ID, IMAGE, NAME, PRICE, ARTIST_ID) values (19, 'https://objects.artspan.com/member/heatherbarron/500/936971.jpg', 'Future-proofed', 26584.59, 12)
insert into APP.ARTWORKENTITY (ID, IMAGE, NAME, PRICE, ARTIST_ID) values (20, 'https://objects.artspan.com/member/christinaramos/500/2691074.jpg', 'Switchable', 16536.13, 1)

insert into APP.ARTWORKENTITY_CATEGORYENTITY (ARTWORKENTITY_ID, CATEGORY_ID) values (18, 6)
insert into APP.ARTWORKENTITY_CATEGORYENTITY (ARTWORKENTITY_ID, CATEGORY_ID) values (12, 4)
insert into APP.ARTWORKENTITY_CATEGORYENTITY (ARTWORKENTITY_ID, CATEGORY_ID) values (9, 1)
insert into APP.ARTWORKENTITY_CATEGORYENTITY (ARTWORKENTITY_ID, CATEGORY_ID) values (9, 4)
insert into APP.ARTWORKENTITY_CATEGORYENTITY (ARTWORKENTITY_ID, CATEGORY_ID) values (1, 8)
insert into APP.ARTWORKENTITY_CATEGORYENTITY (ARTWORKENTITY_ID, CATEGORY_ID) values (2, 7)
insert into APP.ARTWORKENTITY_CATEGORYENTITY (ARTWORKENTITY_ID, CATEGORY_ID) values (6, 2)
insert into APP.ARTWORKENTITY_CATEGORYENTITY (ARTWORKENTITY_ID, CATEGORY_ID) values (6, 8)
insert into APP.ARTWORKENTITY_CATEGORYENTITY (ARTWORKENTITY_ID, CATEGORY_ID) values (1, 1)
insert into APP.ARTWORKENTITY_CATEGORYENTITY (ARTWORKENTITY_ID, CATEGORY_ID) values (12, 9)
insert into APP.ARTWORKENTITY_CATEGORYENTITY (ARTWORKENTITY_ID, CATEGORY_ID) values (20, 4)
insert into APP.ARTWORKENTITY_CATEGORYENTITY (ARTWORKENTITY_ID, CATEGORY_ID) values (7, 3)
insert into APP.ARTWORKENTITY_CATEGORYENTITY (ARTWORKENTITY_ID, CATEGORY_ID) values (6, 9)
insert into APP.ARTWORKENTITY_CATEGORYENTITY (ARTWORKENTITY_ID, CATEGORY_ID) values (16, 7)
insert into APP.ARTWORKENTITY_CATEGORYENTITY (ARTWORKENTITY_ID, CATEGORY_ID) values (2, 9)
insert into APP.ARTWORKENTITY_CATEGORYENTITY (ARTWORKENTITY_ID, CATEGORY_ID) values (20, 9)
insert into APP.ARTWORKENTITY_CATEGORYENTITY (ARTWORKENTITY_ID, CATEGORY_ID) values (14, 3)
insert into APP.ARTWORKENTITY_CATEGORYENTITY (ARTWORKENTITY_ID, CATEGORY_ID) values (3, 8)
insert into APP.ARTWORKENTITY_CATEGORYENTITY (ARTWORKENTITY_ID, CATEGORY_ID) values (7, 10)
insert into APP.ARTWORKENTITY_CATEGORYENTITY (ARTWORKENTITY_ID, CATEGORY_ID) values (1, 3)
insert into APP.ARTWORKENTITY_CATEGORYENTITY (ARTWORKENTITY_ID, CATEGORY_ID) values (8, 3)
insert into APP.ARTWORKENTITY_CATEGORYENTITY (ARTWORKENTITY_ID, CATEGORY_ID) values (2, 4)
insert into APP.ARTWORKENTITY_CATEGORYENTITY (ARTWORKENTITY_ID, CATEGORY_ID) values (1, 9)
insert into APP.ARTWORKENTITY_CATEGORYENTITY (ARTWORKENTITY_ID, CATEGORY_ID) values (13, 3)
insert into APP.ARTWORKENTITY_CATEGORYENTITY (ARTWORKENTITY_ID, CATEGORY_ID) values (8, 5)
insert into APP.ARTWORKENTITY_CATEGORYENTITY (ARTWORKENTITY_ID, CATEGORY_ID) values (20, 7)
insert into APP.ARTWORKENTITY_CATEGORYENTITY (ARTWORKENTITY_ID, CATEGORY_ID) values (9, 6)
insert into APP.ARTWORKENTITY_CATEGORYENTITY (ARTWORKENTITY_ID, CATEGORY_ID) values (8, 7)
insert into APP.ARTWORKENTITY_CATEGORYENTITY (ARTWORKENTITY_ID, CATEGORY_ID) values (17, 10)
insert into APP.ARTWORKENTITY_CATEGORYENTITY (ARTWORKENTITY_ID, CATEGORY_ID) values (11, 2)

insert into APP.ITEMENTITY (ID, NAME, QTY, ARTWORK_ID, CLIENT_ID, PRODUCT_ID) values (1, 'Bigtax', 15, 9, 1, 12)
insert into APP.ITEMENTITY (ID, NAME, QTY, ARTWORK_ID, CLIENT_ID, PRODUCT_ID) values (2, 'Regrant', 4, 2, 7, 11)
insert into APP.ITEMENTITY (ID, NAME, QTY, ARTWORK_ID, CLIENT_ID, PRODUCT_ID) values (3, 'Bytecard', 16, 7, 1, 12)
insert into APP.ITEMENTITY (ID, NAME, QTY, ARTWORK_ID, CLIENT_ID, PRODUCT_ID) values (4, 'Wrapsafe', 20, 1, 8, 3)
insert into APP.ITEMENTITY (ID, NAME, QTY, ARTWORK_ID, CLIENT_ID, PRODUCT_ID) values (5, 'Latlux', 5, 5, 17, 16)
insert into APP.ITEMENTITY (ID, NAME, QTY, ARTWORK_ID, CLIENT_ID, PRODUCT_ID) values (6, 'Fixflex', 6, 2, 16, 1)
insert into APP.ITEMENTITY (ID, NAME, QTY, ARTWORK_ID, CLIENT_ID, PRODUCT_ID) values (7, 'Sub-Ex', 13, 16, 8, 10)
insert into APP.ITEMENTITY (ID, NAME, QTY, ARTWORK_ID, CLIENT_ID, PRODUCT_ID) values (8, 'Aerified', 14, 14, 20, 9)
insert into APP.ITEMENTITY (ID, NAME, QTY, ARTWORK_ID, CLIENT_ID, PRODUCT_ID) values (9, 'Y-Solowarm', 10, 12, 2, 13)
insert into APP.ITEMENTITY (ID, NAME, QTY, ARTWORK_ID, CLIENT_ID, PRODUCT_ID) values (10, 'Zamit', 16, 4, 17, 3)
insert into APP.ITEMENTITY (ID, NAME, QTY, ARTWORK_ID, CLIENT_ID, PRODUCT_ID) values (11, 'Zoolab', 15, 15, 19, 15)
insert into APP.ITEMENTITY (ID, NAME, QTY, ARTWORK_ID, CLIENT_ID, PRODUCT_ID) values (12, 'Tresom', 16, 8, 19, 6)
insert into APP.ITEMENTITY (ID, NAME, QTY, ARTWORK_ID, CLIENT_ID, PRODUCT_ID) values (13, 'Voyatouch', 7, 15, 13, 16)
insert into APP.ITEMENTITY (ID, NAME, QTY, ARTWORK_ID, CLIENT_ID, PRODUCT_ID) values (14, 'Job', 3, 17, 12, 15)
insert into APP.ITEMENTITY (ID, NAME, QTY, ARTWORK_ID, CLIENT_ID, PRODUCT_ID) values (15, 'Zathin', 6, 17, 4, 14)
insert into APP.ITEMENTITY (ID, NAME, QTY, ARTWORK_ID, CLIENT_ID, PRODUCT_ID) values (16, 'Cardguard', 5, 8, 10, 3)
insert into APP.ITEMENTITY (ID, NAME, QTY, ARTWORK_ID, CLIENT_ID, PRODUCT_ID) values (17, 'Cookley', 3, 13, 1, 2)
insert into APP.ITEMENTITY (ID, NAME, QTY, ARTWORK_ID, CLIENT_ID, PRODUCT_ID) values (18, 'Fix San', 3, 13, 3, 15)
insert into APP.ITEMENTITY (ID, NAME, QTY, ARTWORK_ID, CLIENT_ID, PRODUCT_ID) values (19, 'Rank', 14, 5, 4, 4)
insert into APP.ITEMENTITY (ID, NAME, QTY, ARTWORK_ID, CLIENT_ID, PRODUCT_ID) values (20, 'Zontrax', 18, 3, 3, 3)
insert into APP.ITEMENTITY (ID, NAME, QTY, ARTWORK_ID, CLIENT_ID, PRODUCT_ID) values (21, 'Zontrax', 18, 4, 5, 3)
insert into APP.ITEMENTITY (ID, NAME, QTY, ARTWORK_ID, CLIENT_ID, PRODUCT_ID) values (22, 'Zontrax', 18, 5, 6, 3)

insert into APP.QUALIFYENTITY (ID, MESSAGE, NAME, SCORE, ARTWORK_ID, CLIENT_ID) values (1, 'vestibulum ante ipsum primis in faucibus', '', 2, 12, 3)
insert into APP.QUALIFYENTITY (ID, MESSAGE, NAME, SCORE, ARTWORK_ID, CLIENT_ID) values (2, 'tellus in sagittis dui vel nisl duis ac', '', 2, 7, 11)
insert into APP.QUALIFYENTITY (ID, MESSAGE, NAME, SCORE, ARTWORK_ID, CLIENT_ID) values (3, 'odio porttitor id consequat in consequat ut nulla', '', 0, 5, 7)
insert into APP.QUALIFYENTITY (ID, MESSAGE, NAME, SCORE, ARTWORK_ID, CLIENT_ID) values (4, 'justo pellentesque viverra pede ac', '', 3, 15, 6)
insert into APP.QUALIFYENTITY (ID, MESSAGE, NAME, SCORE, ARTWORK_ID, CLIENT_ID) values (5, 'ac neque duis bibendum morbi non quam nec dui', '', 3, 14, 14)
insert into APP.QUALIFYENTITY (ID, MESSAGE, NAME, SCORE, ARTWORK_ID, CLIENT_ID) values (6, 'semper porta volutpat quam pede lobortis ligula sit', '', 0, 19, 14)
insert into APP.QUALIFYENTITY (ID, MESSAGE, NAME, SCORE, ARTWORK_ID, CLIENT_ID) values (7, 'non lectus aliquam sit amet diam in magna', '', 2, 4, 16)
insert into APP.QUALIFYENTITY (ID, MESSAGE, NAME, SCORE, ARTWORK_ID, CLIENT_ID) values (8, 'felis eu sapien cursus vestibulum proin eu', '', 2, 16, 19)
insert into APP.QUALIFYENTITY (ID, MESSAGE, NAME, SCORE, ARTWORK_ID, CLIENT_ID) values (9, 'quis lectus suspendisse potenti in eleifend quam a odio in', '', 4, 11, 13)
insert into APP.QUALIFYENTITY (ID, MESSAGE, NAME, SCORE, ARTWORK_ID, CLIENT_ID) values (10, 'mi pede malesuada in imperdiet et commodo', '', 4, 18, 20)
insert into APP.QUALIFYENTITY (ID, MESSAGE, NAME, SCORE, ARTWORK_ID, CLIENT_ID) values (11, 'interdum eu tincidunt in leo maecenas', '', 0, 19, 15)
insert into APP.QUALIFYENTITY (ID, MESSAGE, NAME, SCORE, ARTWORK_ID, CLIENT_ID) values (12, 'justo maecenas rhoncus aliquam lacus', '', 2, 9, 20)
insert into APP.QUALIFYENTITY (ID, MESSAGE, NAME, SCORE, ARTWORK_ID, CLIENT_ID) values (13, 'nullam molestie nibh in lectus pellentesque', '', 0, 16, 2)
insert into APP.QUALIFYENTITY (ID, MESSAGE, NAME, SCORE, ARTWORK_ID, CLIENT_ID) values (14, 'ut odio cras mi pede malesuada in', '', 5, 11, 11)
insert into APP.QUALIFYENTITY (ID, MESSAGE, NAME, SCORE, ARTWORK_ID, CLIENT_ID) values (15, 'amet justo morbi ut odio cras mi pede malesuada', '', 5, 1, 1)
insert into APP.QUALIFYENTITY (ID, MESSAGE, NAME, SCORE, ARTWORK_ID, CLIENT_ID) values (16, 'aenean auctor gravida sem praesent id massa id nisl venenatis', '', 3, 6, 12)
insert into APP.QUALIFYENTITY (ID, MESSAGE, NAME, SCORE, ARTWORK_ID, CLIENT_ID) values (17, 'justo lacinia eget tincidunt eget tempus vel pede morbi porttitor', '', 1, 6, 7)
insert into APP.QUALIFYENTITY (ID, MESSAGE, NAME, SCORE, ARTWORK_ID, CLIENT_ID) values (18, 'sed vel enim sit amet nunc viverra', '', 5, 6, 17)
insert into APP.QUALIFYENTITY (ID, MESSAGE, NAME, SCORE, ARTWORK_ID, CLIENT_ID) values (19, 'eu magna vulputate luctus cum sociis natoque', '', 3, 18, 17)
insert into APP.QUALIFYENTITY (ID, MESSAGE, NAME, SCORE, ARTWORK_ID, CLIENT_ID) values (20, 'dis parturient montes nascetur ridiculus mus etiam vel augue', '', 0, 12, 6)
insert into APP.QUALIFYENTITY (ID, MESSAGE, NAME, SCORE, ARTWORK_ID, CLIENT_ID) values (21, 'vulputate justo in blandit ultrices', '', 4, 6, 8)
insert into APP.QUALIFYENTITY (ID, MESSAGE, NAME, SCORE, ARTWORK_ID, CLIENT_ID) values (22, 'rutrum at lorem integer tincidunt ante vel', '', 2, 13, 8)
insert into APP.QUALIFYENTITY (ID, MESSAGE, NAME, SCORE, ARTWORK_ID, CLIENT_ID) values (23, 'iaculis congue vivamus metus arcu adipiscing molestie hendrerit at', '', 0, 11, 6)
insert into APP.QUALIFYENTITY (ID, MESSAGE, NAME, SCORE, ARTWORK_ID, CLIENT_ID) values (24, 'vestibulum ante ipsum primis in', '', 4, 13, 7)
insert into APP.QUALIFYENTITY (ID, MESSAGE, NAME, SCORE, ARTWORK_ID, CLIENT_ID) values (25, 'odio consequat varius integer ac leo pellentesque ultrices mattis', '', 0, 14, 20)
insert into APP.QUALIFYENTITY (ID, MESSAGE, NAME, SCORE, ARTWORK_ID, CLIENT_ID) values (26, 'consequat morbi a ipsum integer a nibh in quis justo', '', 1, 14, 6)
insert into APP.QUALIFYENTITY (ID, MESSAGE, NAME, SCORE, ARTWORK_ID, CLIENT_ID) values (27, 'ut mauris eget massa tempor convallis nulla', '', 5, 5, 2)
insert into APP.QUALIFYENTITY (ID, MESSAGE, NAME, SCORE, ARTWORK_ID, CLIENT_ID) values (28, 'nulla elit ac nulla sed', '', 1, 3, 5)
insert into APP.QUALIFYENTITY (ID, MESSAGE, NAME, SCORE, ARTWORK_ID, CLIENT_ID) values (29, 'nisl nunc rhoncus dui vel sem sed sagittis', '', 0, 17, 7)
insert into APP.QUALIFYENTITY (ID, MESSAGE, NAME, SCORE, ARTWORK_ID, CLIENT_ID) values (30, 'nulla mollis molestie lorem quisque', '', 2, 8, 4)
insert into APP.QUALIFYENTITY (ID, MESSAGE, NAME, SCORE, ARTWORK_ID, CLIENT_ID) values (31, 'volutpat quam pede lobortis ligula sit amet eleifend', '', 3, 9, 2)
insert into APP.QUALIFYENTITY (ID, MESSAGE, NAME, SCORE, ARTWORK_ID, CLIENT_ID) values (32, 'pellentesque viverra pede ac diam', '', 3, 14, 5)
insert into APP.QUALIFYENTITY (ID, MESSAGE, NAME, SCORE, ARTWORK_ID, CLIENT_ID) values (33, 'ipsum primis in faucibus orci luctus et ultrices posuere', '', 5, 12, 9)
insert into APP.QUALIFYENTITY (ID, MESSAGE, NAME, SCORE, ARTWORK_ID, CLIENT_ID) values (34, 'at nunc commodo placerat praesent blandit nam', '', 0, 17, 9)
insert into APP.QUALIFYENTITY (ID, MESSAGE, NAME, SCORE, ARTWORK_ID, CLIENT_ID) values (35, 'risus auctor sed tristique in', '', 4, 1, 6)
insert into APP.QUALIFYENTITY (ID, MESSAGE, NAME, SCORE, ARTWORK_ID, CLIENT_ID) values (36, 'pellentesque at nulla suspendisse potenti', '', 0, 7, 7)
insert into APP.QUALIFYENTITY (ID, MESSAGE, NAME, SCORE, ARTWORK_ID, CLIENT_ID) values (37, 'sed interdum venenatis turpis enim blandit mi in', '', 5, 19, 3)
insert into APP.QUALIFYENTITY (ID, MESSAGE, NAME, SCORE, ARTWORK_ID, CLIENT_ID) values (38, 'sit amet consectetuer adipiscing elit proin risus praesent', '', 4, 10, 7)
insert into APP.QUALIFYENTITY (ID, MESSAGE, NAME, SCORE, ARTWORK_ID, CLIENT_ID) values (39, 'suscipit nulla elit ac nulla sed vel enim sit', '', 4, 20, 2)
insert into APP.QUALIFYENTITY (ID, MESSAGE, NAME, SCORE, ARTWORK_ID, CLIENT_ID) values (40, 'tincidunt eu felis fusce posuere felis sed lacus morbi', '', 2, 6, 20)
insert into APP.QUALIFYENTITY (ID, MESSAGE, NAME, SCORE, ARTWORK_ID, CLIENT_ID) values (41, 'duis mattis egestas metus aenean fermentum donec ut mauris', '', 1, 12, 16)
insert into APP.QUALIFYENTITY (ID, MESSAGE, NAME, SCORE, ARTWORK_ID, CLIENT_ID) values (42, 'amet eros suspendisse accumsan tortor quis turpis sed ante', '', 1, 12, 18)
insert into APP.QUALIFYENTITY (ID, MESSAGE, NAME, SCORE, ARTWORK_ID, CLIENT_ID) values (43, 'nascetur ridiculus mus vivamus vestibulum sagittis sapien cum sociis natoque', '', 2, 13, 2)
insert into APP.QUALIFYENTITY (ID, MESSAGE, NAME, SCORE, ARTWORK_ID, CLIENT_ID) values (44, 'vestibulum ac est lacinia nisi venenatis tristique fusce congue', '', 2, 3, 9)
insert into APP.QUALIFYENTITY (ID, MESSAGE, NAME, SCORE, ARTWORK_ID, CLIENT_ID) values (45, 'fringilla rhoncus mauris enim leo', '', 1, 9, 9)